{
  "total_records": 32648,
  "total_batches": 1021,
  "elapsed_seconds": 652.1899077879971,
  "records_per_second": 50.05903895497362,
  "batches_per_second": 1.5654949391395512,
  "avg_seconds_per_batch": 0.6387406030597469,
  "avg_characters_per_text": 237.42645797598627,
  "max_characters_per_text": 6019,
  "p95_characters_per_text": 331
}