{
  "total_records": 32648,
  "total_batches": 1021,
  "elapsed_seconds": 725.9721764240021,
  "records_per_second": 44.97142047621949,
  "batches_per_second": 1.4063899873260262,
  "avg_seconds_per_batch": 0.7110219782193152,
  "avg_characters_per_text": 237.42645797598627,
  "max_characters_per_text": 6019,
  "p95_characters_per_text": 331
}